image,catalogue_id,proposed_name,brand,category,subcategory,pack_size,price_bzd_seen_on_shelf,price_status,pharmacist_review,prescription_only,name_needs_confirming,ocr_suggested_name,extra_views,CONFIRM_name,CONFIRM_brand,CONFIRM_price,CONFIRM_in_stock,CONFIRM_prescription,CONFIRM_publish_image,notes
cosmic-product-001,cp-001,Maximum Strength Scar Cream,,skin-hair-beauty,Scar care,1 oz (28.3 g),5,demo-only,,,,Scar Cream,,,,,,,,
cosmic-product-002,cp-002,Sinus Headache PE Maximum Strength,HealthA2Z,otc-medicine,"Cold, flu and sinus",18 caplets,7.5,demo-only,,,,inus Headache PE,,,,,,,,
cosmic-product-003,cp-003,Beet Root with Tart Cherry Extract,YumVs,vitamins-supplements,Herbal supplements,,20,demo-only,,,,BEET,cosmic-product-219,,,,,,,
cosmic-product-004,cp-004,Animalin C Soy Protein and Vitamin C,Animalin,vitamins-supplements,Children's supplements,,3,demo-only,,,,m Animalin C ',cosmic-product-005,,,,,,,
cosmic-product-006,cp-005,Ultra Man 50 Plus Daily Multivitamin,Puritan's Pride,vitamins-supplements,Multivitamins,60 coated caplets,15,demo-only,,,,AM DAILY MUL Arg,cosmic-product-182 cosmic-product-270,,,,,,,
cosmic-product-007,cp-006,Flaxseed Oil 1200 mg,Nature's Bounty,vitamins-supplements,Omega and fish oils,1200 mg softgels,20,demo-only,,,,) Flaxseed Oil,,,,,,,,
cosmic-product-008,cp-007,Centrum Women Multivitamin,Centrum,vitamins-supplements,Multivitamins,30 tablets,20,demo-only,,,,WOMEN,,,,,,,,
cosmic-product-009,cp-008,Histal Cough and Bronchial Syrup,Histal,otc-medicine,Cough and cold,120 mL,5,demo-only,yes,,,OT ho,,,,,,,,
cosmic-product-010,cp-009,Hioscina Oral Solution 6.67 mg/mL,Espafarm,otc-medicine,Digestive and antispasmodic,,8,demo-only,yes,,,ole,cosmic-product-071,,,,,,,
cosmic-product-013,cp-010,Boric Acid Vaginal Suppositories,pH-D Feminine Health,womens-wellness,Intimate care,,,confirm-price,yes,,,Wegnghic Acid,,,,,,,,
cosmic-product-014,cp-011,"Panty Liners Long, Daily Use",Kotex,womens-wellness,Period care,,,confirm-price,,,,"breathability, and all-day",,,,,,,,
cosmic-product-015,cp-012,Liquid Chlorophyll 100 mg,Piping Rock,vitamins-supplements,Herbal supplements,,,confirm-price,,,,refreshed every day. jaa ®,,,,,,,,
cosmic-product-016,cp-013,Lip Therapy Balm Sticks,Vaseline,skin-hair-beauty,Lip care,,,confirm-price,,,,G ' aoe,,,,,,,,
cosmic-product-017,cp-014,Activated Charcoal Peel-Off Mask,CQK,skin-hair-beauty,Face masks,,,confirm-price,,,,MASK & ke,,,,,,,,
cosmic-product-018,cp-015,Facial Mist Spray,,skin-hair-beauty,Face care,,,confirm-price,,,yes,MA h,,,,,,,,
cosmic-product-019,cp-016,Classic Lip Balm Medicated,Carmex,skin-hair-beauty,Lip care,0.35 oz (10 g),,confirm-price,,,,protects,,,,,,,,
cosmic-product-020,cp-017,Tangle Free Detangling Hair Brush,Cala,skin-hair-beauty,Hair tools,,,confirm-price,,,,gq a re,,,,,,,,
cosmic-product-021,cp-018,Menstrual Cramp Heat Patch,Lady Femm,womens-wellness,Period care,,,confirm-price,,,,SBABOETEROCO koi aM,,,,,,,,
cosmic-product-022,cp-019,Organic Castor Oil,Handcraft Blends,skin-hair-beauty,Hair and body oils,,,confirm-price,,,,H Wixoc,,,,,,,,
cosmic-product-023,cp-020,"Weekly Pill Organiser, AM and PM",Self Aid,mobility-daily-living,Medication management,,,confirm-price,,,,eee,,,,,,,,
cosmic-product-024,cp-021,"Contact Lens Cases, 5 Pack",Care US,eye-ear-care,Contact lens care,5 count,,confirm-price,,,,a 2 Tra WW Vv,,,,,,,,
cosmic-product-025,cp-022,TRUEdraw Lancing Device,TRUEdraw,diabetes-monitoring,Lancing devices,,,confirm-price,,,,TRUE Gray. i,,,,,,,,
cosmic-product-026,cp-023,Adjustable Walking Cane,,mobility-daily-living,Walking aids,,,confirm-price,,,,r fm mobility ) Pa,,,,,,,,
cosmic-product-027,cp-024,ReNu Advanced Multi-Purpose Contact Lens Solution,Bausch + Lomb,eye-ear-care,Contact lens care,,,confirm-price,,,,GENTLE ON THE EVES,,,,,,,,
cosmic-product-028,cp-025,Ultra Absorbent Disposable Breast Pads,Philips Avent,mother-baby,Breastfeeding,100 count,,confirm-price,,,,PHILIPS iiss 100x,,,,,,,,
cosmic-product-029,cp-026,Soft Foam Earplugs,Quality Choice,eye-ear-care,Ear care,,,confirm-price,,,,from unwanted noise. Soft,,,,,,,,
cosmic-product-030,cp-027,Digital Clinical Thermometer,SensiMedical,first-aid,Thermometers,,,confirm-price,,,,) Termometro,cosmic-product-079,,,,,,,
cosmic-product-031,cp-028,Contoured Eye Patch,Quality Choice,eye-ear-care,Eye care,,,confirm-price,,,,Eye Patch,,,,,,,,
cosmic-product-032,cp-029,Seven Day Travel Pill Organiser,Self Aid,mobility-daily-living,Medication management,,,confirm-price,,,,ae O'ganizced SS,,,,,,,,
cosmic-product-033,cp-030,Comfort Plus Insoles,Quality Choice,mobility-daily-living,Foot care,One size fits most,,confirm-price,,,,Hus,,,,,,,,
cosmic-product-034,cp-031,Pill Cutter with Storage Compartment,Protek Health,mobility-daily-living,Medication management,,,confirm-price,,,,medication stored securely,,,,,,,,
cosmic-product-035,cp-032,EasyTouch Glucose Test Strips,EasyTouch,diabetes-monitoring,Test strips,50 test strips,,confirm-price,,,,Glucose Test Strip a,,,,,,,,
cosmic-product-036,cp-033,EasyTouch HealthPro Glucose Monitoring System,EasyTouch,diabetes-monitoring,Glucose meters,,,confirm-price,,,,aad E,,,,,,,,
cosmic-product-037,cp-034,Elasticated Wrist Support,Protek,mobility-daily-living,Braces and supports,Size S,,confirm-price,,,,c- - arthritis. f F,,,,,,,,
cosmic-product-038,cp-035,Air-Activated Heat Wrap,Quality Choice,first-aid,Heat and cold therapy,,,confirm-price,,,,muscle tension and everyday,cosmic-product-063,,,,,,,
cosmic-product-039,cp-036,Elasticated Ankle Support,Fitzroy,mobility-daily-living,Braces and supports,,,confirm-price,,,,compression and stability for,,,,,,,,
cosmic-product-040,cp-037,Elbow Brace,Vive,mobility-daily-living,Braces and supports,One size,,confirm-price,,,,providing gentle compression,,,,,,,,
cosmic-product-041,cp-038,CPC-Diclogel Extra Plus Analgesic Gel,CPC,otc-medicine,Pain relief,58 g,,confirm-price,yes,,,"sore relieve arthritis, muscle",,,,,,,,
cosmic-product-042,cp-039,Volfenac Gel,Volfenac,otc-medicine,Pain relief,,,confirm-price,yes,,,"® pain, sprains, and strains",,,,,,,,
cosmic-product-043,cp-040,Arm Sling Support,,mobility-daily-living,Braces and supports,,,confirm-price,,,,had HTJAIH,,,,,,,,
cosmic-product-044,cp-041,Elasticated Knee Support,Protek,mobility-daily-living,Braces and supports,Size M,,confirm-price,,,,) ae eS 2 Bend,,,,,,,,
cosmic-product-045,cp-042,Elasticated Hand and Wrist Support,Protek,mobility-daily-living,Braces and supports,Size L,,confirm-price,,,,3 TUA,,,,,,,,
cosmic-product-046,cp-043,Hinged Knee Brace,Coretech,mobility-daily-living,Braces and supports,,,confirm-price,,,,use,,,,,,,,
cosmic-product-047,cp-044,Wrist Support,Xiaole,mobility-daily-living,Braces and supports,Size XL,,confirm-price,,,,compression to help stabilize,,,,,,,,
cosmic-product-048,cp-045,Shoulder Brace,Vive,mobility-daily-living,Braces and supports,,,confirm-price,,,,stability,,,,,,,,
cosmic-product-049,cp-046,Arthritis Compression Gloves,SuperBand,mobility-daily-living,Braces and supports,Size L,,confirm-price,,,,"sore, or recovering hands",,,,,,,,
cosmic-product-050,cp-047,Thumb Brace,Vive,mobility-daily-living,Braces and supports,,,confirm-price,,,,A rH,,,,,,,,
cosmic-product-051,cp-048,Icy Hot Pain Relief Cream,Icy Hot,otc-medicine,Pain relief,,,confirm-price,,,,Pe hold you back,,,,,,,,
cosmic-product-052,cp-049,Lidocaine 4% Maximum Strength Pain Relief Patch,Coralite,otc-medicine,Pain relief,,,confirm-price,,,,muscle and joint pain,,,,,,,,
cosmic-product-053,cp-050,Palm Support,Xiaole,mobility-daily-living,Braces and supports,Size XL,,confirm-price,,,,compression to help reduce,,,,,,,,
cosmic-product-054,cp-051,Caribe Balsam Pain Relieving Cream,Caribe Balsam,otc-medicine,Pain relief,,,confirm-price,,,,"backaches, ro and joint",,,,,,,,
cosmic-product-055,cp-052,Cofal Fuerte Topical Analgesic,Cofal,otc-medicine,Pain relief,60 g,,confirm-price,,,,a Pa,,,,,,,,
cosmic-product-056,cp-053,Pain Relief Balm Ultra Strength,Coralite,otc-medicine,Pain relief,0.63 oz (18 g),,confirm-price,,,,BALM,,,,,,,,
cosmic-product-057,cp-054,Bengay Ultra Strength Pain Relieving Cream,Bengay,otc-medicine,Pain relief,,,confirm-price,,,,Biss joints. a,,,,,,,,
cosmic-product-058,cp-055,Pain Relief Ice Pack,Thera Plus,first-aid,Heat and cold therapy,,,confirm-price,,,,2 injuries,,,,,,,,
cosmic-product-059,cp-056,Elbow Support,Aocheng,mobility-daily-living,Braces and supports,,,confirm-price,,,,compression to help reduce,,,,,,,,
cosmic-product-060,cp-057,Soothing Heat Spray,Healthpoint,otc-medicine,Pain relief,,,confirm-price,,,,SPRAY Ff,,,,,,,,
cosmic-product-061,cp-058,Lidocaine Pain Relief Gel Patches,We Care,otc-medicine,Pain relief,,,confirm-price,,,,Pain Relief Gel Patches,,,,,,,,
cosmic-product-062,cp-059,Theraputic Blue Ice Topical Analgesic Gel,Health Smart,otc-medicine,Pain relief,,,confirm-price,,,,Wii help you recover,,,,,,,,
cosmic-product-064,cp-060,Red Heat Spray Fast Relief,Red Heat,otc-medicine,Pain relief,,,confirm-price,,,,SPRAY,,,,,,,,
cosmic-product-065,cp-061,Gripe Water,Woodward's,mother-baby,Infant digestive care,,,confirm-price,yes,,,Ns wOODWARD Gs,,,,,,,,
cosmic-product-066,cp-062,Pamedan Dexpanthenol Cream 5%,Pamedan,mother-baby,Nappy and skin care,,,confirm-price,,,,"irritation, redness, and chafing",,,,,,,,
cosmic-product-067,cp-063,Sedalgina Gotas Oral Solution,Baby-Bon,mother-baby,Infant digestive care,15 mL,,confirm-price,yes,,,SOAUCON ORAL,,,,,,,,
cosmic-product-068,cp-064,Lactomat Breastfeeding Support Capsules,Farmaline,womens-wellness,Maternity support,30 capsules,,confirm-price,yes,,,lepre ents traditionally used,,,,,,,,
cosmic-product-069,cp-065,Tearless Baby Shampoo,dynaCare,mother-baby,Baby bath and skin,,,confirm-price,,,,Wi Care Lie Farnny,,,,,,,,
cosmic-product-070,cp-066,Ovol Infant Colic Relief Drops,Ovol,mother-baby,Infant digestive care,15 mL,,confirm-price,yes,,,DROPS + GOUTTES,,,,,,,,
cosmic-product-072,cp-067,Wellbaby Vitamin D3 Drops,Vitabiotics Wellbaby,mother-baby,Infant supplements,,,confirm-price,,,,Vit D Drops,,,,,,,,
cosmic-product-073,cp-068,BioGaia Protectis Baby Drops,BioGaia,mother-baby,Infant digestive care,5 mL,,confirm-price,,,,WORTAINS PrODIOUICS Uldat Meip,,,,,,,,
cosmic-product-074,cp-069,Infants' Tylenol Oral Suspension,Tylenol,mother-baby,Infant pain and fever,160 mg per 5 mL,,confirm-price,yes,,,JYLENOL,,,,,,,,
cosmic-product-075,cp-070,Baby Chest Rub Nighttime,Genethics,mother-baby,Baby bath and skin,28 g,,confirm-price,,,,a a gentle formula,,,,,,,,
cosmic-product-076,cp-071,GyneGest Prenatal Soft Gelatin Capsules,GyneGest,womens-wellness,Maternity support,30 capsules,,confirm-price,yes,,,Ze SS,,,,,,,,
cosmic-product-077,cp-072,Pregnacare Liquid,Vitabiotics Pregnacare,womens-wellness,Maternity support,,,confirm-price,yes,,,fregnac are ',,,,,,,,
cosmic-product-078,cp-073,Breast Milk Storage Bags,Parent's Choice,mother-baby,Breastfeeding,,,confirm-price,,,,4 Double zipper seal a,,,,,,,,
cosmic-product-080,cp-074,Baby Nasal Aspirator,,mother-baby,Infant nasal care,,,confirm-price,,,,b SaD Nac,,,,,,,,
cosmic-product-081,cp-075,Fresh Food Feeder Pacifier,BabyAid,mother-baby,Feeding,,,confirm-price,,,,love,,,,,,,,
cosmic-product-082,cp-076,Manual Breast Pump,,mother-baby,Breastfeeding,,,confirm-price,,,yes,Makes expressing milk easier,,,,,,,,
cosmic-product-083,cp-077,Fisiolix Nasal Saline Solution 0.9%,Fisiolix,mother-baby,Infant nasal care,,,confirm-price,,,,keep little noses a,,,,,,,,
cosmic-product-084,cp-078,Baby Soother Pacifier,,mother-baby,Feeding,,,confirm-price,,,,ZAM Is a,,,,,,,,
cosmic-product-085,cp-079,Vicks BabyRub Soothing Ointment,Vicks,mother-baby,Baby bath and skin,1.76 oz,,confirm-price,,,,CS Mi,,,,,,,,
cosmic-product-086,cp-080,Silicone Breast Milk Collector,,mother-baby,Breastfeeding,,,confirm-price,,,yes,if Ge,,,,,,,,
cosmic-product-087,cp-081,Snack Keeper Cup,Nuby,mother-baby,Feeding,,,confirm-price,,,,THAD INUBYy,,,,,,,,
cosmic-product-088,cp-082,Four Piece Silicone Meal Set,Lila & Jack,mother-baby,Feeding,4 piece,,confirm-price,,,,"Includes bib, plate, spoon &",,,,,,,,
cosmic-product-089,cp-083,Travel System Weather Shield,,mother-baby,Travel,,,confirm-price,,,,4 WEATHER SHIELD,,,,,,,,
cosmic-product-090,cp-084,Nibbler Fresh Food Feeder,Nuby,mother-baby,Feeding,,,confirm-price,,,,fruits and veggies,,,,,,,,
cosmic-product-091,cp-085,Desitin Diaper Rash Paste and Cream,Desitin,mother-baby,Nappy and skin care,,,confirm-price,,,yes,before it starts. 7,,,,,,,,
cosmic-product-092,cp-086,Vitamins A and D Ointment,We Care,mother-baby,Nappy and skin care,,,confirm-price,,,,en enn,,,,,,,,
cosmic-product-093,cp-087,Forehead Thermometer Strip,,mother-baby,Infant health monitoring,,,confirm-price,,,,temperature in seconds,,,,,,,,
cosmic-product-094,cp-088,Fresh Aloe Body Lotion,Dermasil Labs,skin-hair-beauty,Body lotions,8 fl oz (236 mL),,confirm-price,,,,FRESH,,,,,,,,
cosmic-product-095,cp-089,Oatmeal Skin Relief Moisturising Lotion,Nubalance,skin-hair-beauty,Body lotions,,,confirm-price,,,,oe es a,,,,,,,,
cosmic-product-096,cp-090,Dry Skin Treatment Body Lotion,Dermasil Labs,skin-hair-beauty,Body lotions,8 fl oz (236 mL),,confirm-price,,,,TREATMENT,,,,,,,,
cosmic-product-097,cp-091,Diabetics' Dry Skin Relief Body Lotion,XtraCare,skin-hair-beauty,Body lotions,,,confirm-price,,,,Sensitive Shin Care,,,,,,,,
cosmic-product-098,cp-092,Blue Seal Aloe Fresh Petroleum Jelly,Vaseline,skin-hair-beauty,Petroleum jelly,,,confirm-price,,,,BLUESEA,,,,,,,,
cosmic-product-099,cp-093,Blue Seal Cocoa Butter Petroleum Jelly,Vaseline,skin-hair-beauty,Petroleum jelly,,,confirm-price,,,,bap),,,,,,,,
cosmic-product-100,cp-094,Lipikar AP+ Gentle Foaming Moisturising Wash,La Roche-Posay,skin-hair-beauty,Cleansers,,,confirm-price,,,,A LAROCHE-POSAY,,,,,,,,
cosmic-product-101,cp-095,Ice Cool Hydration Body Lotion,Vaseline,skin-hair-beauty,Body lotions,,,confirm-price,,,,,,,,,,,,
cosmic-product-102,cp-096,Blue Seal Baby Gentle Protective Jelly,Vaseline,mother-baby,Baby bath and skin,,,confirm-price,,,,Lee,,,,,,,,
cosmic-product-103,cp-097,Ammonium Lactate 12% Moisturising Lotion,Major,skin-hair-beauty,Body lotions,,,confirm-price,yes,,,"tal , YbMAJOR ' 28",,,,,,,,
cosmic-product-104,cp-098,Dark Spot Therapeutic Cream,Advanced Clinicals,skin-hair-beauty,Targeted treatments,,,confirm-price,,,,Vitamin c hrightenc id,,,,,,,,
cosmic-product-105,cp-099,"Medicated Body Powder, Talc-Free",Health Smart,personal-care,Body powders,,,confirm-price,,,,CL Bis Pics to,,,,,,,,
cosmic-product-106,cp-100,Lipikar AP+ Triple Repair Moisturising Cream,La Roche-Posay,skin-hair-beauty,Body lotions,,,confirm-price,,,,PRIPLE REPAIR,,,,,,,,
cosmic-product-107,cp-101,Aloe Vera Gel with Vitamin E,,skin-hair-beauty,Targeted treatments,,,confirm-price,,,,cop vitamina,,,,,,,,
cosmic-product-108,cp-102,Cocoa Butter Body Lotion,Dermasil Labs,skin-hair-beauty,Body lotions,8 fl oz (236 mL),,confirm-price,,,,COCOA,,,,,,,,
cosmic-product-109,cp-103,Blue Seal Original Petroleum Jelly,Vaseline,skin-hair-beauty,Petroleum jelly,,,confirm-price,,,,,,,,,,,,
cosmic-product-110,cp-104,Aloe After Sun Gel,Lucky Sea'n Sun,skin-hair-beauty,Sun care,,,confirm-price,,,,OiM,,,,,,,,
cosmic-product-111,cp-105,White Petrolatum Skin Protectant,,first-aid,Skin protectants,,,confirm-price,,,,SKIN DRearecTANT,,,,,,,,
cosmic-product-112,cp-106,Blue Seal Vitamin E Nourishing Jelly,Vaseline,skin-hair-beauty,Petroleum jelly,,,confirm-price,,,,rer s,,,,,,,,
cosmic-product-113,cp-107,Top C Vitamin C 5% Cream,Caneham,skin-hair-beauty,Targeted treatments,,,confirm-price,,,,Vitaming C53,,,,,,,,
cosmic-product-114,cp-108,Glowing Vitamin C Eye Cream,Global Beauty Care,skin-hair-beauty,Eye care,,,confirm-price,,,,' VITAMIN,,,,,,,,
cosmic-product-115,cp-109,Multi-Vitamin Facial Serum,Global Beauty Care,skin-hair-beauty,Serums,,,confirm-price,,,,Ee nny,,,,,,,,
cosmic-product-116,cp-110,Alpha Arbutin 2% + Hyaluronic Acid Serum,The Ordinary,skin-hair-beauty,Serums,,,confirm-price,,,,PUIG UNCVEH SAT CONS,,,,,,,,
cosmic-product-117,cp-111,Niacinamide 5% + Squalane Serum,Skin Nutrition Botanicals,skin-hair-beauty,Serums,,,confirm-price,,,,BE Minimize excess ol,,,,,,,,
cosmic-product-118,cp-112,Original Strength Acne Gel,,skin-hair-beauty,Targeted treatments,,,confirm-price,,,,Fights stubborn breakouts and,,,,,,,,
cosmic-product-119,cp-113,Glowing Vitamin C Facial Cleanser,Global Beauty Care,skin-hair-beauty,Cleansers,2.5 fl oz (74 mL),,confirm-price,,,,A VITAMIN C,,,,,,,,
cosmic-product-120,cp-114,Beach Defense Sunscreen Lotion SPF 70,Neutrogena,skin-hair-beauty,Sun care,,,confirm-price,,,,TESIStanice,,,,,,,,
cosmic-product-121,cp-115,Toleriane Hydrating Gentle Cleanser,La Roche-Posay,skin-hair-beauty,Cleansers,,,confirm-price,,,,A B,,,,,,,,
cosmic-product-122,cp-116,Calming Nighttime Recovery Facial Serum,Global Beauty Care,skin-hair-beauty,Serums,,,confirm-price,,,,CALMING,,,,,,,,
cosmic-product-123,cp-117,Blemish and Dark Spot Treatment Cream Gel,Global Beauty Care,skin-hair-beauty,Targeted treatments,,,confirm-price,,,,CREAM of,,,,,,,,
cosmic-product-124,cp-118,Power Toner with AHA-BHA and Tea Tree,Global Beauty Care,skin-hair-beauty,Toners,,,confirm-price,,,,Law FRE,,,,,,,,
cosmic-product-125,cp-119,Madagascar Centella Hyalu-Cica Water-Fit Sun Serum,SKIN1004,skin-hair-beauty,Sun care,,,confirm-price,,,,CENTELLA,,,,,,,,
cosmic-product-126,cp-120,Retinol Skin Cream Anti-Aging,Global Beauty Care,skin-hair-beauty,Targeted treatments,1.7 oz (50 mL),,confirm-price,,,,ia SKIN CREAM,,,,,,,,
cosmic-product-127,cp-121,"Tea Tree, Caffeine and B5 Revive Serum Mask",Skin Nutrition Botanicals,skin-hair-beauty,Serums,,,confirm-price,,,,4 Controls excess oil,,,,,,,,
cosmic-product-128,cp-122,Multi-Peptide Anti-Aging Serum,Skin Nutrition Botanicals,skin-hair-beauty,Serums,,,confirm-price,,,,nes and WINnkics,,,,,,,,
cosmic-product-129,cp-123,Cicaplast Balm B5 Multi-Purpose,La Roche-Posay,skin-hair-beauty,Targeted treatments,40 mL (1.35 fl oz),,confirm-price,,,,barrier,,,,,,,,
cosmic-product-130,cp-124,Tea Tree Oil and Salicylic Acid Balancing Face Wash,Skin Nutrition Botanicals,skin-hair-beauty,Cleansers,,,confirm-price,,,,Tree Oil + Salicyse,,,,,,,,
cosmic-product-131,cp-125,Bonjela Mouth Ulcer Gel,Bonjela,otc-medicine,Mouth and throat,,,confirm-price,yes,,,one a eee,,,,,,,,
cosmic-product-132,cp-126,Mint Waxed Dental Floss,,personal-care,Oral care,,,confirm-price,,,yes,ssp hag,,,,,,,,
cosmic-product-133,cp-127,"Oral Pain Relief Gel, 20% Benzocaine",Sheffield,otc-medicine,Mouth and throat,,,confirm-price,yes,,,Pame FOR FAST,,,,,,,,
cosmic-product-134,cp-128,Cool Mint Antiseptic Mouthwash,Listerine,personal-care,Oral care,,,confirm-price,,,,nA COOL MINT VAj4,,,,,,,,
cosmic-product-135,cp-129,Mint Dental Flossers,,personal-care,Oral care,,,confirm-price,,,yes,Cin,,,,,,,,
cosmic-product-136,cp-130,"Antiseptic Mouthwash, Peppermint",Care+,personal-care,Oral care,,,confirm-price,,,,if LAIH,,,,,,,,
cosmic-product-137,cp-131,Whitening Gel Pen,GuruNanda,personal-care,Oral care,,,confirm-price,,,,Wy bes,,,,,,,,
cosmic-product-138,cp-132,Dentinox Teething Gel,Dentinox,mother-baby,Teething,,,confirm-price,yes,,,H oN,,,,,,,,
cosmic-product-139,cp-133,Toddler Dental Kit and Children's Toothbrushes,,mother-baby,Oral care,,,confirm-price,,,yes,Pay,,,,,,,,
cosmic-product-140,cp-134,Children's Character Toothbrushes,,mother-baby,Oral care,,,confirm-price,,,yes,re JMIDIGIM,,,,,,,,
cosmic-product-141,cp-135,Ultimate Oral Care Kit,Dr. Fresh,personal-care,Oral care,,,confirm-price,,,,z a,,,,,,,,
cosmic-product-142,cp-136,Oddent Gingival Gel,Oddent,otc-medicine,Mouth and throat,25 mL,,confirm-price,yes,,,a MIDI,,,,,,,,
cosmic-product-143,cp-137,Fixodent Complete Original Denture Adhesive Cream,Fixodent,mobility-daily-living,Denture care,,,confirm-price,,,,od u,,,,,,,,
cosmic-product-144,cp-138,Oral Care On The Go Travel Kit,Colgate,personal-care,Oral care,,,confirm-price,,,,3 Gey am,,,,,,,,
cosmic-product-146,cp-139,"Postnatal Fenugreek 2,000 mg",Nature's Truth,womens-wellness,Maternity support,100 quick release capsules,,confirm-price,yes,,,4 TH STR j,cosmic-product-235,,,,,,,
cosmic-product-147,cp-140,Campylon Forte with Lysine,Vijosa,vitamins-supplements,B vitamins,,,confirm-price,,,,,,,,,,,,
cosmic-product-148,cp-141,Cleansing Cranberry Gummies,Nature's Truth,womens-wellness,Urinary health,60 gummies,,confirm-price,,,,CLEANSING,,,,,,,,
cosmic-product-149,cp-142,Urinary Tract Health Cranberry Complex,Nature's Truth,womens-wellness,Urinary health,60 quick release capsules,,confirm-price,,,,URINARY TRACT,,,,,,,,
cosmic-product-150,cp-143,Chanca Piedra 500 mg,Piping Rock,vitamins-supplements,Herbal supplements,120 capsules,,confirm-price,,,,aoe PIEt,,,,,,,,
cosmic-product-151,cp-144,Maximum Strength Urinary Pain Relief,Quality Choice,womens-wellness,Urinary health,12 tablets,,confirm-price,yes,,,vad,,,,,,,,
cosmic-product-152,cp-145,"Triple Strength Cranberry Concentrate 30,000 mg",Nature's Truth,womens-wellness,Urinary health,90 quick release capsules,,confirm-price,,,,VITAMIN C,cosmic-product-230,,,,,,,
cosmic-product-153,cp-146,Big Complex Yummi Children's Supplement,cmd,vitamins-supplements,Children's supplements,240 mL,10,demo-only,,,,BIG,,,,,,,,
cosmic-product-154,cp-147,Neoradish Iodized Radish Syrup,Neoradish,vitamins-supplements,Tonics and syrups,120 mL (4.05 fl oz),8,demo-only,,,,NEORADISH,cosmic-product-236,,,,,,,
cosmic-product-156,cp-148,First Aid Kit Box,,first-aid,First aid kits,,,confirm-price,,,yes,,cosmic-product-157,,,,,,,
cosmic-product-169,cp-149,Melatonin Magnesium Maximum Strength 10/150 mg,Webber Naturals,vitamins-supplements,Sleep support,60 tablets,,confirm-price,yes,,,Magnesium,,,,,,,,
cosmic-product-171,cp-150,Rabano Alcachofa Liver Support,Farmaline,vitamins-supplements,Herbal supplements,,,confirm-price,,,,Santa Fe Syrup ),,,,,,,,
cosmic-product-172,cp-151,Power for Men Testosterone Support,Jamieson,vitamins-supplements,Men's health,,,confirm-price,yes,,,POWER bd,,,,,,,,
cosmic-product-173,cp-152,Calcium Citrate Maximum plus D3,21st Century,vitamins-supplements,Minerals,120 tablets,,confirm-price,,,,+4 WwW Tao TABLETS,,,,,,,,
cosmic-product-175,cp-153,CoQ-10 with Hawthorn Berries 200 mg,Solaray,vitamins-supplements,Heart health,,,confirm-price,,,,Fl Solaray RiSolamy S,cosmic-product-205,,,,,,,
cosmic-product-176,cp-154,Magnesium Glycinate 350 mg,Solaray,vitamins-supplements,Minerals,,,confirm-price,,,,MAGNESIUM ) Magnesium,,,,,,,,
cosmic-product-177,cp-155,"Vitamin K2 + D3, 120 mcg / 1000 IU",Webber Naturals,vitamins-supplements,Vitamins,30 softgels,,confirm-price,,,,CL eT,,,,,,,,
cosmic-product-179,cp-156,Wellteen Him,Vitabiotics,vitamins-supplements,Teen health,,20,demo-only,,,,WE EE,,,,,,,,
cosmic-product-180,cp-157,Wellman Sport,Vitabiotics,vitamins-supplements,Men's health,,,confirm-price,,,,vitamin can provide,cosmic-product-251,,,,,,,
cosmic-product-181,cp-158,Wellman Original,Vitabiotics,vitamins-supplements,Men's health,,,confirm-price,,,,vitamin that addresses basic,cosmic-product-284,,,,,,,
cosmic-product-183,cp-159,"Maca 1,600 mg",Nature's Truth,vitamins-supplements,Herbal supplements,60 quick release capsules,,confirm-price,,,,PATURE S Thy,cosmic-product-278,,,,,,,
cosmic-product-184,cp-160,ABC Complete Men's Multivitamin,Sundance,vitamins-supplements,Multivitamins,60 coated caplets,,confirm-price,,,,1 MINERAL,cosmic-product-254,,,,,,,
cosmic-product-185,cp-161,Tres Toros Vino Vitaminado,Tres Toros,vitamins-supplements,Tonics and syrups,,,confirm-price,yes,,,Bebe NOTE RTO d 4,,,,,,,,
cosmic-product-186,cp-162,Perfect7 Man Plus,Seven Seas,vitamins-supplements,Men's health,30 day duo pack,,confirm-price,,,,S D DAY,cosmic-product-252,,,,,,,
cosmic-product-187,cp-163,Flow Guard Saw Palmetto 450 mg,Puritan's Pride,vitamins-supplements,Men's health,100 capsules,12,demo-only,yes,,,Pry Z,cosmic-product-200,,,,,,,
cosmic-product-188,cp-164,Super Concentrated Ashwagandha 920 mg,Sundance,vitamins-supplements,Herbal supplements,60 quick release capsules,,confirm-price,,,,SHWAGANOW a,,,,,,,,
cosmic-product-189,cp-165,Zinc 50 mg,Nature's Bounty,vitamins-supplements,Minerals,,,confirm-price,,,,1 ZINC BRANG,cosmic-product-285,,,,,,,
cosmic-product-190,cp-166,Yohimbe Extract,Puritan's Pride,vitamins-supplements,Men's health,50 capsules,,confirm-price,yes,,,Male Perfomance Formula,cosmic-product-274,,,,,,,
cosmic-product-192,cp-167,Afrin Nasal Decongestant Spray,Afrin,otc-medicine,"Cold, flu and sinus",,,confirm-price,yes,,,Steves stuffy Nose,,,,,,,,
cosmic-product-193,cp-168,Clobetasol Propionate Cream USP 0.05%,Encube,prescription-refills,Dermatology,15 grams,,confirm-price,yes,yes,,Steroid cream for inflammatory skin,,,,,,,,
cosmic-product-194,cp-169,Acne Medication Benzoyl Peroxide Gel 10%,Rugby,skin-hair-beauty,Targeted treatments,1.5 oz (42.5 g),20,demo-only,,,,CLES pyMEe,,,,,,,,
cosmic-product-195,cp-170,Becoplex Complex plus Vitamin C Syrup,Becoplex,vitamins-supplements,Tonics and syrups,125 mL,10,demo-only,,,,Last one gvailable 10 aw,,,,,,,,
cosmic-product-196,cp-171,Collagen Peptides Gummies Type 1 and 3,Nature's Truth,vitamins-supplements,Collagen and beauty,,20,demo-only,,,,Collagen to prevent wrinkles and sagging,,,,,,,,
cosmic-product-197,cp-172,Wellteen Her,Vitabiotics,vitamins-supplements,Teen health,,20,demo-only,,,,girls (ove Sine,,,,,,,,
cosmic-product-198,cp-173,Ultra Clear Ophthalmic Solution,Lafar,eye-ear-care,Eye drops,,,confirm-price,yes,,,vedrops,,,,,,,,
cosmic-product-199,cp-174,Senna Tablets 8.6 mg,Major,otc-medicine,Digestive and antispasmodic,100 tablets,8,demo-only,yes,,,Stiacatant laxative for,,,,,,,,
cosmic-product-201,cp-175,NyQuil Cold and Flu Nighttime Relief,Vicks,otc-medicine,Cough and cold,8 fl oz (236 mL),,confirm-price,yes,,,Most famous cough syrup,,,,,,,,
cosmic-product-202,cp-176,Convifer con Hierro Solution,Convifer,vitamins-supplements,Tonics and syrups,100 mL,6.75,demo-only,yes,,,CONVIFER,,,,,,,,
cosmic-product-203,cp-177,"Biotin 5,000 mcg",Nature's Bounty,vitamins-supplements,Collagen and beauty,,,confirm-price,,,,Biotin,cosmic-product-265,,,,,,,
cosmic-product-204,cp-178,"Vitamin D3 10,000 IU (250 mcg)",Sundance,vitamins-supplements,Vitamins,100 softgels,,confirm-price,yes,,,MATURES,,,,,,,,
cosmic-product-206,cp-179,Wellwoman Original,Vitabiotics,vitamins-supplements,Women's health,,,confirm-price,,,,ar y a ORIGINAL,,,,,,,,
cosmic-product-207,cp-180,Full Spectrum Chasteberry Fruit 400 mg,Swanson,womens-wellness,Hormonal support,,,confirm-price,yes,,,SWANSON,,,,,,,,
cosmic-product-208,cp-181,Nerve and Blood Supplement,Dr Chase,vitamins-supplements,Tonics and syrups,,,confirm-price,,,,NERVE,,,,,,,,
cosmic-product-209,cp-182,Ashwagandha Root 920 mg,Nature's Truth,vitamins-supplements,Herbal supplements,,,confirm-price,,,,i me,,,,,,,,
cosmic-product-211,cp-183,Perfect7 Woman Plus,Seven Seas,womens-wellness,Women's health,30 day duo pack,,confirm-price,,,,H A,,,,,,,,
cosmic-product-212,cp-184,"Phytoestrogen with Wild Yam, Black Cohosh and Dong Quai",Solaray,womens-wellness,Hormonal support,,,confirm-price,yes,,,"4 WILD YAM, BLACK COHOS",,,,,,,,
cosmic-product-213,cp-185,"Cold Pressed Evening Primrose Oil 1,000 mg",Sundance,womens-wellness,Hormonal support,,,confirm-price,,,,EVENING,,,,,,,,
cosmic-product-215,cp-186,Menopace Original,Vitabiotics,womens-wellness,Hormonal support,22 nutrients,,confirm-price,yes,,,MENOPAUSE 3,,,,,,,,
cosmic-product-216,cp-187,"Hair, Skin and Nails Gummies",Puritan's Pride,vitamins-supplements,Collagen and beauty,80 gummies,,confirm-price,,,,a GUMMIES,cosmic-product-264,,,,,,,
cosmic-product-217,cp-188,"Hair, Skin and Nails Gummies with Collagen",Nature's Bounty,vitamins-supplements,Collagen and beauty,,,confirm-price,,,,GUMMIES,cosmic-product-271,,,,,,,
cosmic-product-218,cp-189,B-12 Energy Gummies,Nature's Truth,vitamins-supplements,B vitamins,,,confirm-price,,,,GUMMIES,,,,,,,,
cosmic-product-220,cp-190,Organic Apple Cider Vinegar with Mother,Puritan's Pride,vitamins-supplements,Herbal supplements,,,confirm-price,,,,Se Lae PPLE GIDEA,,,,,,,,
cosmic-product-221,cp-191,Complejo B Diabetico Tablets,Avivia,vitamins-supplements,B vitamins,30 tablets,,confirm-price,yes,,,TL re,,,,,,,,
cosmic-product-222,cp-192,One Daily Women's Multivitamin,Puritan's Pride,vitamins-supplements,Multivitamins,100 coated caplets,,confirm-price,,,,WOMEN S MULTIVITAMIN,,,,,,,,
cosmic-product-223,cp-193,Apple Cider Vinegar 480 mg Capsules,Puritan's Pride,vitamins-supplements,Herbal supplements,,,confirm-price,,,,Try,cosmic-product-269,,,,,,,
cosmic-product-224,cp-194,Women's Multivitamin Gummies with Collagen,Nature's Bounty,vitamins-supplements,Multivitamins,,,confirm-price,,,,t 4 VITAMING,cosmic-product-253,,,,,,,
cosmic-product-225,cp-195,Ovulation Test and Pregnancy Test Kit,MomMed,womens-wellness,Fertility and testing,5 pregnancy and 15 ovulation strips,,confirm-price,yes,,,Ovulation Test and i™,,,,,,,,
cosmic-product-226,cp-196,Potassium Citrate 99 mg,Puritan's Pride,vitamins-supplements,Minerals,,,confirm-price,,,,f 5 enh pramtan a,,,,,,,,
cosmic-product-227,cp-197,High Potency Selenium 200 mcg,Sundance,vitamins-supplements,Minerals,,,confirm-price,,,,noe POTONCY,,,,,,,,
cosmic-product-228,cp-198,Myo and D-Chiro Inositol,Nutricost,womens-wellness,Hormonal support,"2,000 mg and 50 mg per serving",,confirm-price,yes,,,Inositol,,,,,,,,
cosmic-product-229,cp-199,Ultra Doceplex Rapid Sublingual B6 + B9 + B12,Vijosa,vitamins-supplements,B vitamins,,,confirm-price,,,,wed yitsnie™,,,,,,,,
cosmic-product-231,cp-200,Papaya Enzyme Digestive Aid,Puritan's Pride,vitamins-supplements,Digestive support,250 chewables,,confirm-price,,,,MO. tee AFTER MEAL SUPPLEMENT,,,,,,,,
cosmic-product-232,cp-201,Yeast Free Chromium Picolinate 500 mcg,Puritan's Pride,vitamins-supplements,Minerals,,,confirm-price,,,,TATE,,,,,,,,
cosmic-product-233,cp-202,ABC Complete Women's Multivitamin,Sundance,vitamins-supplements,Multivitamins,60 coated caplets,,confirm-price,,,,LMINERAL FORMELA,,,,,,,,
cosmic-product-234,cp-203,Alpha Lipoic Acid 600 mg plus Biotin,Nature's Truth,vitamins-supplements,Minerals,,,confirm-price,,,,shy Pe KATURES TRUTH,,,,,,,,
cosmic-product-237,cp-204,Nerve Food Dietary Supplement,Dr Chase,vitamins-supplements,Tonics and syrups,,,confirm-price,,,,D CHASE,,,,,,,,
cosmic-product-238,cp-205,Complejo B Tablets,Avivia,vitamins-supplements,B vitamins,30 tablets,,confirm-price,,,,es rT i,,,,,,,,
cosmic-product-239,cp-206,"Moringa 1,000 mg plus B6",Alfa,vitamins-supplements,Herbal supplements,,,confirm-price,,,,naa,,,,,,,,
cosmic-product-240,cp-207,Magnesium Citrate 150 mg High Absorption,,vitamins-supplements,Minerals,120 capsules,,confirm-price,,,yes,i a,,,,,,,,
cosmic-product-241,cp-208,Herbal Colon Cleanser,Mason Natural,vitamins-supplements,Digestive support,,,confirm-price,yes,,,CLEANSER,,,,,,,,
cosmic-product-242,cp-209,One-Daily Multi-Vitamin,Geri-Care,vitamins-supplements,Multivitamins,,,confirm-price,,,,DAILY,,,,,,,,
cosmic-product-243,cp-210,Calcium 600 mg,Rugby,vitamins-supplements,Minerals,,,confirm-price,,,,Calcium Supple,,,,,,,,
cosmic-product-244,cp-211,Complete Protein and Vitamin Shake Mix,Nature's Bounty,vitamins-supplements,Protein and sports,,,confirm-price,,,,j PROTEIN,,,,,,,,
cosmic-product-245,cp-212,Ultra Doceplex Mega Woman+,Vijosa,womens-wellness,Women's health,,,confirm-price,,,,,,,,,,,,
cosmic-product-246,cp-213,Premium Coconut Activated Charcoal 780 mg,Nature's Truth,vitamins-supplements,Digestive support,,,confirm-price,yes,,,CHARCOAL,,,,,,,,
cosmic-product-247,cp-214,Apple Cider Vinegar Gummies 600 mg,Nature's Truth,vitamins-supplements,Herbal supplements,,,confirm-price,,,,,cosmic-product-272,,,,,,,
cosmic-product-248,cp-215,Horny Goat Weed with Maca,Nature's Truth,vitamins-supplements,Men's health,,,confirm-price,yes,,,GOAT WEED,,,,,,,,
cosmic-product-249,cp-216,"Virgin Cold Pressed Black Cumin Seed Oil 2,000 mg",Nature's Truth,vitamins-supplements,Omega and fish oils,,,confirm-price,,,,,,,,,,,,
cosmic-product-250,cp-217,"Vaginal Infection Test, pH Rapid Test",Suresign,womens-wellness,Fertility and testing,2 tests,,confirm-price,yes,,,,,,,,,,,
cosmic-product-261,cp-218,Immunace Original,Vitabiotics,vitamins-supplements,Immune support,,,confirm-price,,,,immunaceé,,,,,,,,
cosmic-product-262,cp-219,"Vitamin D3 + K2, 125 mcg / 50 mcg",Solaray,vitamins-supplements,Vitamins,,,confirm-price,,,,TAMING Hi,,,,,,,,
cosmic-product-263,cp-220,Ultra Doceplex Mega Man+,Vijosa,vitamins-supplements,Men's health,,,confirm-price,,,,UIE Ie,,,,,,,,
cosmic-product-266,cp-221,Serene Stress Support,BeBelle,vitamins-supplements,Sleep support,,,confirm-price,yes,,,3 ys GAMMA,,,,,,,,
cosmic-product-267,cp-222,Probiotic Acidophilus 500 Million,Sundance,vitamins-supplements,Digestive support,,,confirm-price,,,,UNDANCE,,,,,,,,
cosmic-product-268,cp-223,Chewable Probiotic Acidophilus 6 Billion,Sundance,vitamins-supplements,Digestive support,60 chewables,,confirm-price,,,,PROBIOTIC,,,,,,,,
cosmic-product-273,cp-224,"One Daily Advanced Probiotic-14, 3 Billion CFU",Nature's Truth,vitamins-supplements,Digestive support,60 quick release capsules,,confirm-price,,,,PROBIOTIC-14,,,,,,,,
cosmic-product-277,cp-225,Creatine Monohydrate,Rule 1,vitamins-supplements,Protein and sports,,,confirm-price,yes,,,CREATINE,,,,,,,,
cosmic-product-279,cp-226,Women's Health Probiotic 5 Billion with Cranberry,,womens-wellness,Urinary health,45 vegetarian capsules,,confirm-price,,,yes,Probiotic,,,,,,,,
cosmic-product-280,cp-227,"Vitamin E Oil, 13,500 IU",Nature's Bounty,vitamins-supplements,Vitamins,,,confirm-price,,,,TT T,,,,,,,,
cosmic-product-281,cp-228,Whole Herb Saw Palmetto 500 mg,Mason Natural,vitamins-supplements,Men's health,,,confirm-price,yes,,,4 AW PALMETI,,,,,,,,
cosmic-product-282,cp-229,"Whey Protein Blend, Cookies and Creme",Rule 1,vitamins-supplements,Protein and sports,,,confirm-price,,,,ig Seees,,,,,,,,
cosmic-product-283,cp-230,"Grass Fed Hydrolyzed Collagen Type I and III 3,000 mg",Sundance,vitamins-supplements,Collagen and beauty,,,confirm-price,,,,Z COLLAGEN,,,,,,,,
cosmic-product-286,cp-231,Chewable Kid's Probiotic 3 Billion,Sundance,vitamins-supplements,Children's supplements,30 chewables,,confirm-price,,,,PROBIOTIC,,,,,,,,
cosmic-product-011,g-011,Stop the Noise: Female Wellness and PMOS guidance,,GALLERY (not a product),social-highlights,,,,,,,,,,,,,,,
cosmic-product-012,g-012,Cosmic Pharmacy services at a glance,,GALLERY (not a product),social-highlights inside-cosmic,,,,,,,,,,,,,,,
cosmic-product-145,g-145,Father's month men's health display,,GALLERY (not a product),social-highlights,,,,,,,,,,,,,,,
cosmic-product-155,g-155,Behind the counter at Cosmic Pharmacy,,GALLERY (not a product),inside-cosmic,,,,,,,,,,,,,,,
cosmic-product-158,g-158,Vitamin E: enhance your health,,GALLERY (not a product),social-highlights products-wellness,,,,,,,,,,,,,,,
cosmic-product-159,g-159,Vitamin C: boost your immunity,,GALLERY (not a product),social-highlights products-wellness,,,,,,,,,,,,,,,
cosmic-product-160,g-160,Omega 3 supplements explained,,GALLERY (not a product),social-highlights products-wellness,,,,,,,,,,,,,,,
cosmic-product-161,g-161,A traditional preference: cod liver oil,,GALLERY (not a product),social-highlights products-wellness,,,,,,,,,,,,,,,
cosmic-product-162,g-162,Boost your child's immune system,,GALLERY (not a product),social-highlights products-wellness,,,,,,,,,,,,,,,
cosmic-product-163,g-163,Cod liver oil for colds and flu,,GALLERY (not a product),social-highlights products-wellness,,,,,,,,,,,,,,,
cosmic-product-164,g-164,Whey protein and creatine powder,,GALLERY (not a product),social-highlights products-wellness,,,,,,,,,,,,,,,
cosmic-product-165,g-165,Signs and symptoms of menopause,,GALLERY (not a product),social-highlights products-wellness,,,,,,,,,,,,,,,
cosmic-product-166,g-166,Evening primrose oil explained,,GALLERY (not a product),social-highlights products-wellness,,,,,,,,,,,,,,,
cosmic-product-167,g-167,Sleep support on the shelf,,GALLERY (not a product),products-wellness inside-cosmic,,,,,,,,,,,,,,,
cosmic-product-168,g-168,The melatonin range,,GALLERY (not a product),products-wellness inside-cosmic,,,,,,,,,,,,,,,
cosmic-product-170,g-170,The magnesium range,,GALLERY (not a product),products-wellness inside-cosmic,,,,,,,,,,,,,,,
cosmic-product-174,g-174,Relaxation and sleep support,,GALLERY (not a product),products-wellness inside-cosmic,,,,,,,,,,,,,,,
cosmic-product-178,g-178,The vitamin D range,,GALLERY (not a product),products-wellness inside-cosmic,,,,,,,,,,,,,,,
cosmic-product-191,g-191,Our favourite sunscreen,,GALLERY (not a product),social-highlights products-wellness,,,,,,,,,,,,,,,
cosmic-product-210,g-210,Inside Cosmic Pharmacy,,GALLERY (not a product),inside-cosmic,,,,,,,,,,,,,,,
cosmic-product-214,g-214,Treating magnesium deficiency,,GALLERY (not a product),social-highlights products-wellness,,,,,,,,,,,,,,,
cosmic-product-255,g-255,The B vitamin range,,GALLERY (not a product),products-wellness inside-cosmic,,,,,,,,,,,,,,,
cosmic-product-256,g-256,What ashwagandha supports,,GALLERY (not a product),social-highlights products-wellness,,,,,,,,,,,,,,,
cosmic-product-257,g-257,Complejo B: energy and brain support,,GALLERY (not a product),social-highlights products-wellness,,,,,,,,,,,,,,,
cosmic-product-258,g-258,CoQ-10 for heart health,,GALLERY (not a product),social-highlights products-wellness,,,,,,,,,,,,,,,
cosmic-product-259,g-259,Convifer: two for the price of one,,GALLERY (not a product),social-highlights,,,,,,,,,,,,,,,
cosmic-product-260,g-260,Three bottles of One-Daily for eleven dollars,,GALLERY (not a product),social-highlights,,,,,,,,,,,,,,,
cosmic-product-275,g-275,What creatine monohydrate does,,GALLERY (not a product),social-highlights products-wellness,,,,,,,,,,,,,,,
cosmic-product-276,g-276,Perfect7 Man Plus benefits,,GALLERY (not a product),social-highlights products-wellness,,,,,,,,,,,,,,,
