sku,name,category,image,source_page,source_image
SUP-001,Nature's Bounty Zinc 50 mg 100 tablets,Supplements,sup-001-nature-s-bounty-zinc.jpg,https://www.walmart.com/ip/Nature-s-Bounty-Zinc-Immune-Support-Dietary-Supplement-50-mg-100-Caplets/46008414,https://i5.walmartimages.com/seo/Nature-s-Bounty-Zinc-Immune-Support-Dietary-Supplement-50-mg-100-Caplets_ae10d9f3-a758-410e-8e29-5eb44f31fa40.e9508b4b7f1e42ad9d9116462bec3a47.jpeg
SUP-002,Sundance High Potency Selenium 200 mcg 60 tablets,Supplements,sup-002-sundance-high-potency-selenium.jpg,https://www.walmart.com/ip/Sundance-Selenium-Tablets-200-mcg-60-Count/668053434,https://i5.walmartimages.com/seo/Sundance-Selenium-Tablets-200-mcg-60-Count_51e0854b-685c-4966-8ac6-db7113611f6f.04eac2d71ebb8bf4bc0ea796085838c1.jpeg
SUP-003,Puritan's Pride Potassium Citrate 99 mg 100 tablets,Supplements,sup-003-puritan-s-pride-potassium-citrate.jpg,https://www.americanwellbeauty.com/product/puritan-s-pride-potassium-citrate-99-mg-100-tablets/,https://www.americanwellbeauty.com/wp-content/uploads/2025/07/6906474823780_462.webp
SUP-004,Puritan's Pride Papaya Enzyme 250 tablets,Supplements,sup-004-puritan-s-pride-papaya-enzyme.jpg,https://www.puritan.com/papaya-enzymes-129/papaya-enzyme-001133,https://www.puritan.com/VF/puritanspride/product_images/product_detail/001133.jpg
SUP-005,Puritan's Pride Yeast Free Chromium Picolinate 500 mcg 100 tablets,Supplements,sup-005-puritan-s-pride-yeast-free-chromium-picolinate.jpg,https://britishvita.co.uk/products/puritans-pride-chromium-picolinate-500-mcg-yeast-free-100-count-discontinued-by-manufacturer,https://britishvita.co.uk/cdn/shop/files/puritans-pride-chromium-picolinate-500-mcg-yeast-free-100-count-1_jpg.jpg?v=1763677966
SUP-006,Nature's Truth Alpha Lipoic Acid 600 mg 60 capsules,Supplements,sup-006-nature-s-truth-alpha-lipoic-acid.jpg,https://portalpharmacy.ke/nature-s-truth-alpha-lipoic-acid-600mg-60-capsules,https://portalpharmacy.ke/image/cache/catalog/Nature-s-Truth-Alpha-Lipoic-Acid-600mg-60-Capsules-550x550.jpg
SUP-007,ALFA Vitamins Moringa Plus B6 1000 mg 100 capsules,Supplements,sup-007-alfa-vitamins-moringa-plus-b6.jpg,https://www.farmaciaschavez.com.bo/p/alfa-vitamins-moringa-1000-mg-x-100-capsulas-18160,https://pedidosonline.farmaciaschavez.com.bo:8443/catalogofchavez/18160/MORINGA1000MGX100CAPS-676194964420_18160.jpg
SUP-008,Webber Naturals Magnesium Citrate High Absorption 150 mg 120 capsules,Supplements,sup-008-webber-naturals-magnesium-citrate-high-absorption.jpg,https://store.whitecrossdispensary.com/products/webber-naturals-magnesium-citrate-150-mg-high-absorption-120-capsules,https://store.whitecrossdispensary.com/cdn/shop/files/50000-webber.png?v=1778775716
SUP-009,Rugby Calcium 600 mg 60 tablets,Supplements,sup-009-rugby-calcium.jpg,https://canadianvit.com/products/rugby-calcium-600-mg-with-vitamin-d3-200-iu-gluten-free-60-count,https://canadianvit.com/cdn/shop/files/rugby-calcium-600mg-vitamin-d3-200iu-gluten-free-60-count-01_jpg.jpg?v=1761981032
SUP-010,Nature's Truth Premium Coconut Activated Charcoal 780 mg 150 capsules,Supplements,sup-010-nature-s-truth-premium-coconut-activated-charcoal.jpg,https://www.amazon.com/Activated-Charcoal-Capsules-Natures-Truth/dp/B07X27KXP8,https://m.media-amazon.com/images/I/71T14+uLqvL._AC_SL1500_.jpg
SUP-011,Nature's Truth Virgin Cold Pressed Black Cumin Seed Oil 2000 mg 50 softgels,Supplements,sup-011-nature-s-truth-virgin-cold-pressed-black-cumin-seed-oil.jpg,https://www.walmart.com/ip/Black-Cumin-Seed-Oil-2000-mg-50-Softgel-Capsules-Cold-Pressed-Pills-Non-GMO-Gluten-Free-by-Nature-s-Truth/988388572,https://i5.walmartimages.com/seo/Black-Cumin-Seed-Oil-2000-mg-50-Softgel-Capsules-Cold-Pressed-Pills-Non-GMO-Gluten-Free-by-Nature-s-Truth_dee5dfc8-dcb8-49e2-aa31-23328dee6f46.5263972b3b63c48c3525f61137688b6f.jpeg
SUP-012,21st Century Calcium Citrate + D3 Maximum 120 tablets,Supplements,sup-012-21st-century-calcium-citrate-d3-maximum.jpg,https://www.byclue.com/product/21st-century-calcium-citrate-maximum-d3-120-tablets/,https://www.byclue.com/wp-content/uploads/2019/06/13-1.jpg
SUP-013,Solaray High Absorption Magnesium Glycinate 350 mg 120 vegcaps,Supplements,sup-013-solaray-high-absorption-magnesium-glycinate.jpg,https://wholesale.frontiercoop.com/products/solaray-high-absorption-magnesium-glycinate-350-mg-120-vegcaps,"https://wholesale.frontiercoop.com/media/catalog/product/S/o/Solaray-High-Absorption-Magnesium-Glycinate-350-mg-120-VegCaps-Front-242422.jpg?optimize=medium&bg-color=255,255,255&fit=bounds&height=520&width=520&canvas=520:520"
SUP-014,Solaray Vitamin D3 + K2 125 mcg / 50 mcg 60 capsules,Supplements,sup-014-solaray-vitamin-d3-k2.jpg,https://picclick.co.uk/Solaray-Vitamin-D3-125-mcg-K2-50-405035471377.html,https://www.picclickimg.com/VisAAOSwswxmawNi/Solaray-Vitamin-D3-125-mcg-K2-50.webp
SUP-015,Nature's Truth B-12 Energy Gummies 48 gummies,Supplements,sup-015-nature-s-truth-b-12-energy-gummies.jpg,https://www.shoprite.com/product/natures-truth-b12-energy-gummies-dietary-supplement-48-count-id-00840093115140,https://storage.googleapis.com/images-prs-prd-c7e7986.prs.prd.v8.commerce.mi9cloud.com/product-images/zoom/00840093115140_1
SUP-016,Nature's Truth One Daily Advanced Probiotic-14 3 billion CFU 60 capsules,Supplements,sup-016-nature-s-truth-one-daily-advanced-probiotic-14.jpg,https://www.iherb.com/pr/nature-s-truth-one-daily-advanced-probiotic-14-3-billion-cfu-60-quick-release-capsules/141902,"https://cloudinary.images-iherb.com/image/upload/f_auto,q_auto:eco/images/nth/nth10166/l/21.jpg"
SUP-017,Sundance Probiotic Acidophilus 500 million active cultures 60 tablets,Supplements,sup-017-sundance-probiotic-acidophilus.jpg,https://www.amazon.com/Sundance-Probio-Acidophilus-60-Count/dp/B00ZFOSBBQ,https://m.media-amazon.com/images/I/711Ods95jQL._AC_SL1500_.jpg
SUP-018,Sundance Chewable Probiotic Acidophilus 6 billion active cultures / 17 mg 60 tablets,Supplements,sup-018-sundance-chewable-probiotic-acidophilus.jpg,https://www.walmart.com/ip/Probiotic-Acidophilus-17mg-6-Billion-Active-Cultures-60-Chewable-Tablets-Berry-Flavor-by-Sundance/209212287,https://i5.walmartimages.com/seo/Probiotic-Acidophilus-17mg-6-Billion-Active-Cultures-60-Chewable-Tablets-Berry-Flavor-by-Sundance_e8db338e-7678-43b6-ac08-d1a210e5dcb9.f7192bf8a92bfbbc3ebe238a8ba97e3a.jpeg
SUP-019,Vitabiotics Immunace Original 24 micronutrients 30 tablets,Supplements,sup-019-vitabiotics-immunace-original.jpg,https://halsa.al/products/vitabiotics-immunace-30-tableta,https://halsa.al/cdn/shop/files/Vitabiotics-ImmunaceOriginal30tab_eaf07b58-d9f6-4b7a-8d2f-04bdc95051ae.png?v=1734519579
SUP-020,Puritan's Pride Ultra Man 50 Plus Daily Multi 60 caplets,Supplements,sup-020-puritan-s-pride-ultra-man-50-plus-daily-multi.jpg,https://www.puritan.com/mens-multivitamins-704/ultra-vita-man-50-plus-017311,https://www.puritan.com/VF/puritanspride/product_images/product_detail/017311.jpg
HEA-001,HealthA2Z Sinus Headache PE Acetaminophen 325 mg / Phenylephrine HCl 5 mg 18 tablets,Health Products,hea-001-healtha2z-sinus-headache-pe.jpg,https://www.beautyhiddens.com/wm-dailydeal/product/sinus-headache-pe-non-drowsy-acetaminophen-325-mg-phenylephrine-5-mg-18-caplets/,https://i5.walmartimages.com/asr/f46d0c83-71a7-4fbb-a068-4c9f77f51ea2.f8754935a541b8a2902c3b43a63a206e.jpeg
HEA-002,Bausch + Lomb ReNu Advanced Formula Multi-Purpose Solution 2 fl oz / 60 mL,Health Products,hea-002-bausch-lomb-renu-advanced-formula-multi-purpose-solution.jpg,https://www.clinikally.com/products/bausch-lomb-renu-advanced-formula-multi-purpose-contact-lens-solution,https://www.clinikally.com/cdn/shop/files/Bausch_LombRenuAdvancedFormulaMulti-PurposeContactLensSolution355ml1.jpg?v=1767159366&width=2667
HEA-003,Woodward's Gripe Water 150 mL,Health Products,hea-003-woodward-s-gripe-water.jpg,https://gcc.luluhypermarket.com/en-kw/woodward-s-celebrated-gripe-water-150-ml/p/618303,https://bf1af2.akinoncloudcdn.com/products/2024/09/13/99117/46487ba6-4b24-42f6-bd0f-156d91ab6dff_size3840_cropCenter.jpg
HEA-004,Pamedan Dexpanthenol Cream 5% 30 g,Health Products,hea-004-pamedan-dexpanthenol-cream.jpg,https://sufarmed.com/sufarmed/Dexpantenol/2292-pamedan-crema-5-tubo-30-grs.html,https://sufarmed.com/sufarmed/1419-thickbox_default/pamedan-crema-5-tubo-30-grs.jpg
HEA-005,Ovol Infant Colic Relief Drops 15 mL,Health Products,hea-005-ovol-infant-colic-relief-drops.jpg,https://www.gosupps.com/ovol-infant-drops-for-fast-gentle-relief-of-infant-colic-gas-15-ml-made-in-canada.html,https://www.gosupps.com/media/catalog/product/cache/25/image/1500x/040ec09b1e35df139433887a97daa66f/7/1/714xlNALfeL._SL1500__1.jpg
HEA-006,Vitabiotics Wellbaby Vit D Drops Vitamin D3 10 mcg 30 mL,Health Products,hea-006-vitabiotics-wellbaby-vit-d-drops.jpg,https://www.aesthetictoday.com/p/vitabiotics-wellbaby-vitamin-d3-drops-30-ml/,https://storage.googleapis.com/atoday-cdn/uploads/product/02/22/bEVuS1lIMVZlV0pN-large.jpg
HEA-007,BioGaia Protectis Baby Drops 5 mL,Health Products,hea-007-biogaia-protectis-baby-drops.jpg,https://au.biogaia.com/products/protectis-baby-probiotic-drops,http://au.biogaia.com/cdn/shop/files/BioGaiaProtectisBabyDrops.png?v=1718269313
HEA-008,Tylenol Infants' Tylenol Pain + Fever Cherry 160 mg per 5 mL 24 mL,Health Products,hea-008-tylenol-infants-tylenol-pain-fever-cherry.jpg,https://www.amazon.ca/Tylenol-Teething-Reliever-Suspension-Medicine/dp/B003M5E56A,https://m.media-amazon.com/images/I/71xWWK68BHL._AC_SL1500_.jpg
HEA-009,Genetics Pharmaceuticals Nighttime Baby Chest Rub 28 g,Health Products,hea-009-genetics-pharmaceuticals-nighttime-baby-chest-rub.jpg,https://www.thegourmetgrocertt.com/product/genethics-pharmaceuticals-nightime-baby-chest-rub-28g/,https://www.thegourmetgrocertt.com/wp-content/uploads/2025/05/61d7245d-65b7-46e9-97d7-fd26b10b5683_500x500-1.jpg
HEA-010,Vicks BabyRub 50 g,Health Products,hea-010-vicks-babyrub.jpg,https://farmaciascarrascosa.com/comprar/vicks-babyrub-50-g/,https://farmaciascarrascosa.com/wp-content/uploads/2024/10/184615_vicks-babyrub-50-g.jpg
HEA-011,Fisiolix Nasal Solution 0.9% 15 mL,Health Products,hea-011-fisiolix-nasal-solution.jpg,https://sv.siman.com/fisiolix-solucion-nasal-al-0-9--frasco-x-15ml-823464839/p,https://siman.vtexassets.com/arquivos/ids/4800976-800-auto?v=638328082917430000&width=800&height=auto&aspect=true
HEA-012,Desitin Maximum Strength Original Paste 40% zinc oxide 4 oz / 113 g,Health Products,hea-012-desitin-maximum-strength-original-paste.jpg,https://onlinesupermart.com/product/desitin-maximum-strength-original-nappy-barrier-paste-40-zinc-oxide-4-oz/,https://onlinesupermart.com/wp-content/uploads/2021/08/des7-scaled-1.jpg
HEA-013,WeCare Vitamins A & D Ointment 4 oz / 113 g,Health Products,hea-013-wecare-vitamins-a-and-d-ointment.jpg,https://ritewaymed.com/product/dynarex-we-care-vitamins-a-d-ointment/,https://ritewaymed.com/wp-content/uploads/2023/08/813836_2-scaled.jpg
HEA-014,Quality Choice Maximum Strength Urinary Pain Relief 12 tablets,Health Products,hea-014-quality-choice-maximum-strength-urinary-pain-relief.jpg,https://fda.report/DailyMed/a3f86e7c-7bc7-480d-bd19-817813e84145,https://fda.report/DailyMed/a3f86e7c-7bc7-480d-bd19-817813e84145/qcmax0001.jpg
HEA-015,Afrin Adult Congestion Nasal Spray 0.05% 15 mL,Health Products,hea-015-afrin-adult-congestion-nasal-spray.jpg,https://www.walmart.com/ip/Afrin-Original-12-Hour-Nasal-Congestion-Relief-Spray-15-mL/130735659,https://i5.walmartimages.com/asr/b6dbd01d-87f8-4a8b-a2f9-0708775dedf5_1.528f4f8cb54298d6e3417f519afd4757.jpeg
HEA-016,Major Senna Tablets 8.6 mg 100 tablets,Health Products,hea-016-major-senna-tablets.jpg,https://www.pharmacycareshop.com/product/major-pharmaceuticals-senna-lax-8-6-mg-100-tablets/,https://www.pharmacycareshop.com/wp-content/uploads/2025/12/8102448660580_728.webp
HEA-017,Vicks NyQuil Cold & Flu Nighttime Relief 8 fl oz / 236 mL,Health Products,hea-017-vicks-nyquil-cold-and-flu-nighttime-relief.jpg,https://ctchealth.ca/product/vicks-nyquil-cold-flu-liquid-nighttime-relief-original-236-ml-for-cough-fever-pain/,https://images.ctchealth.ca/Vicks_NyQuil_Cold___Flu_Liquid___Nighttime_Relief__Original__236_mL_for_Cough__Fever___Pain_56100074823_3.webp
HEA-018,Sheffield Oral Pain Relief Gel 20% benzocaine 0.33 oz / 9.4 g,Health Products,hea-018-sheffield-oral-pain-relief-gel.jpg,https://jdssupercare.com/products/dr-sheffields-maximum-strength-oral-pain-relief-gel-benzocaine-20-toothache,https://cdn.shopify.com/s/files/1/0930/9260/products/6d6d0eaf-0eb7-4388-adb8-3c47518c46a9_800x.jpg?v=1655993407
HEA-019,Bonjela Adult Gel 8.714% choline salicylate 15 g,Health Products,hea-019-bonjela-adult-gel.jpg,https://amamedicalproducts.com.au/products/bonjela-mouth-ulcer-and-teething-gel-87mg-g-choline-salicylate-15g,https://amamedicalproducts.com.au/cdn/shop/files/MedicalPharmaceuticalsBongelaTeethingGel9300701542146Front1_1680x.png?v=1747112588
HEA-020,Icy Hot Original Pain Relieving Cream 1.25 oz / 35 g,Health Products,hea-020-icy-hot-original-pain-relieving-cream.jpg,https://www.skinsafeproducts.com/icy-hot-original-pain-relieving-cream-1-25-oz-35-4-g,https://cdn1.skinsafeproducts.com/photo/7412A5EACD835E/large_1669007527.jpeg?1669007527
PER-001,Dermasil Labs Fresh Aloe Body Lotion 8 fl oz / 236 mL,Personal Care & Beauty,per-001-dermasil-labs-fresh-aloe-body-lotion.jpg,https://www.gopicky.com/product/60641/dermasil-labs-aloe-fresh-moisturizing-body-lotion,https://media.gopicky.com/products/images/DermasilLabs-AloeFreshMoisturizingBodyLotion.jpg
PER-002,Dermasil Labs Dry Skin Treatment Original Body Lotion 8 fl oz / 236 mL,Personal Care & Beauty,per-002-dermasil-labs-dry-skin-treatment-original-body-lotion.jpg,https://www.amazon.com/Dermasil-Treatment-Original-Lotion-Bottle/dp/B007DUPE0Q,https://m.media-amazon.com/images/I/51LCo+YqayS.jpg
PER-003,XtraCare Diabetics' Dry Skin Relief Body Lotion 18 fl oz / 532 mL,Personal Care & Beauty,per-003-xtracare-diabetics-dry-skin-relief-body-lotion.jpg,https://www.walmart.com/ip/Xtra-Care-Diabetics-12-FL-OZ-Dry-Skin-Relief-Body-Lotion-Sensitive-Skin-Care/15659421724,https://i5.walmartimages.com/seo/Xtra-Care-Diabetics-12-FL-OZ-Dry-Skin-Relief-Body-Lotion-Sensitive-Skin-Care_650dd9a1-f5e9-41de-a64d-bc55a3e4eda7.91de0b8b42f803419d3017cc52dbb7de.jpeg
PER-004,Vaseline Blue Seal Original Petroleum Jelly 250 mL,Personal Care & Beauty,per-004-vaseline-blue-seal-original-petroleum-jelly.jpg,https://www.woolworths.co.za/prod/_/A-6001087005661,https://assets.woolworthsstatic.co.za/Vaseline-Blue-Seal-Original-Petroleum-Jelly-250-ml-6001087005661.jpg?V=ueha&o=eyJidWNrZXQiOiJ3dy1vbmxpbmUtaW1hZ2UtcmVzaXplIiwia2V5IjoiaW1hZ2VzL2VsYXN0aWNlcmEvcHJvZHVjdHMvaGVyby8yMDI1LTA1LTE5LzYwMDEwODcwMDU2NjFfaGVyby5qcGcifQ&
PER-005,Vaseline Blue Seal Cocoa Butter Petroleum Jelly 250 mL,Personal Care & Beauty,per-005-vaseline-blue-seal-cocoa-butter-petroleum-jelly.jpg,https://www.colorshow.pk/products/vaseline-blue-seal-petroleum-jelly-sa-cocoa-butter,https://www.colorshow.pk/cdn/shop/files/Vase-05654.jpg?v=1764935480&width=1445
PER-006,Vaseline Blue Seal Vitamin E Petroleum Jelly 250 mL,Personal Care & Beauty,per-006-vaseline-blue-seal-vitamin-e-petroleum-jelly.jpg,https://www.yourglamlb.com/products/vaseline%C2%AE-blue-seal-vitamin-e-petroleum-jelly-250-ml,https://www.yourglamlb.com/cdn/shop/files/IMG-0272_7b0c7429-1b35-4785-8827-06a777eb4d63.webp?v=1757576236&width=1000
PER-007,Vaseline Blue Seal Baby Petroleum Jelly 250 mL,Personal Care & Beauty,per-007-vaseline-blue-seal-baby-petroleum-jelly.jpg,https://www.woolworths.co.za/prod/_/A-6001087005647,https://assets.woolworthsstatic.co.za/Vaseline-Blue-Seal-Gentle-Protective-Jelly-250-ml-6001087005647.jpg?V=Gg5O&o=eyJidWNrZXQiOiJ3dy1vbmxpbmUtaW1hZ2UtcmVzaXplIiwia2V5IjoiaW1hZ2VzL2VsYXN0aWNlcmEvcHJvZHVjdHMvaGVyby8yMDI1LTA1LTE5LzYwMDEwODcwMDU2NDdfaGVyby5qcGcifQ&
PER-008,Vaseline Ice Cool Hydration Body Lotion 400 mL,Personal Care & Beauty,per-008-vaseline-ice-cool-hydration-body-lotion.jpg,https://aapkabazar.co/8106/pd/vaseline-ice-cool-hydration-body-lotion-400-ml,https://image.aapkabazar.co/product/8106/1706249221368.png?type=png
PER-009,La Roche-Posay Lipikar AP+ Gentle Foaming Moisturizing Wash 400 mL,Personal Care & Beauty,per-009-la-roche-posay-lipikar-ap-gentle-foaming-moisturizing-wash.jpg,https://fado.vn/us/amazon/la-roche-posay-lipikar-wash-ap-body-face-wash-with-pump-gentle-daily-cleanser-with-shea-butter-niacinamide-for-extra-dry-skin-allergy-tested-B08BJVHYSC.html,https://images-na.ssl-images-amazon.com/images/I/611rhGnpsCL.jpg
PER-010,La Roche-Posay Lipikar AP+M Triple Repair Moisturizing Cream 400 mL,Personal Care & Beauty,per-010-la-roche-posay-lipikar-ap-m-triple-repair-moisturizing-cream.jpg,https://www.walmart.com/ip/La-Roche-Posay-Lipikar-AP-Triple-Repair-Moisturizing-Cream-13-52-fl-oz-400ml/958394588,https://i5.walmartimages.com/asr/b3142b61-4134-4f9f-a512-ba4f54ec15c2.49f15cb94d31478a845d4791b66f0636.jpeg
PER-011,La Roche-Posay Toleriane Hydrating Gentle Cleanser 400 mL,Personal Care & Beauty,per-011-la-roche-posay-toleriane-hydrating-gentle-cleanser.jpg,https://www.walmart.com/ip/La-Roche-Posay-Toleriane-Hydrating-Gentle-Facial-Cleanser-for-Normal-to-Dry-Skin-13-52-fl-oz-400ml/603753206,https://i5.walmartimages.com/seo/La-Roche-Posay-Toleriane-Hydrating-Gentle-Facial-Cleanser-for-Normal-to-Dry-Skin-13-52-fl-oz-400ml_283e15f1-8ce7-4082-85f6-8f9940b5d2af.cd5247d72340ccdf366f40de314223f9.jpeg
PER-012,La Roche-Posay Cicaplast Baume B5 40 mL,Personal Care & Beauty,per-012-la-roche-posay-cicaplast-baume-b5.jpg,https://allegro.pl/oferta/la-roche-posay-cicaplast-baume-b5-40-ml-13189087843,https://a.allegroimg.com/original/11a2bb/8b88cccf4420af533c2efbe45460/La-Roche-Posay-Cicaplast-Baume-B5-40-ml
PER-013,Advanced Clinicals Dark Spot Therapeutic Cream Vitamin C 8 fl oz / 237 mL,Personal Care & Beauty,per-013-advanced-clinicals-dark-spot-therapeutic-cream.jpg,https://www.whites.sa/en-sa/advanced-clinicals-therapeutic-vitamin-c-dark-spot-cream-237-ml/,https://cd3c14-whites.akinoncloudcdn.com/products/2025/09/10/44445/d4561f59-86c6-47fe-b15b-5510bf8b1401_size3840x3840_cropCenter.jpg
PER-014,Health Smart Medicated Body Powder Talc-Free 8 oz / 227 g,Personal Care & Beauty,per-014-health-smart-medicated-body-powder-talc-free.jpg,https://www.amazon.com/Health-Smart-Medicated-Cornstarch-irritations/dp/B0F76HZ6RC,https://m.media-amazon.com/images/I/71zGaiH99LL._AC_SL1500_.jpg
PER-015,Global Beauty Care Glowing Vitamin C Facial Cleanser Vitamin C 2.5 fl oz / 74 mL,Personal Care & Beauty,per-015-global-beauty-care-glowing-vitamin-c-facial-cleanser.jpg,https://www.amazon.com/Global-Beauty-Care-Glowing-Vitamin/dp/B0C9WPP9MC,https://m.media-amazon.com/images/I/41dfX7+1pDL._SL1031_.jpg
PER-016,Global Beauty Care Glowing Vitamin C Eye Cream Vitamin C 0.5 fl oz / 15 mL,Personal Care & Beauty,per-016-global-beauty-care-glowing-vitamin-c-eye-cream.jpg,https://www.amazon.com/Global-Beauty-Care-Glowing-Vitamin/dp/B0C9WNQVM9,https://m.media-amazon.com/images/I/71MAK89-5zL._SX569_.jpg
PER-017,Global Beauty Care Multi-Vitamin Serum Vitamins B C E 1.7 fl oz / 50 mL,Personal Care & Beauty,per-017-global-beauty-care-multi-vitamin-serum.jpg,https://marvelsaura.com/products/global-beauty-care-multi-vitamin-facial-serum-with-vitamins-b-c-e-niacinamide-hydrate-revitalize-1-7-fl-oz,https://marvelsaura.com/cdn/shop/files/71kAQf9dpML.jpg?v=1764744551&width=1445
PER-018,Global Beauty Care Retinol Skin Cream Anti-Aging Retinol 1.7 oz / 50 mL,Personal Care & Beauty,per-018-global-beauty-care-retinol-skin-cream-anti-aging.jpg,https://fado.vn/us/amazon/chi-tiet-san-pham-B08NB911KR.html,https://images-na.ssl-images-amazon.com/images/I/61NR9JUxbiL.jpg
PER-019,Neutrogena Beach Defense Water + Sun Protection Sunscreen Lotion SPF 70 6.7 fl oz / 198 mL,Personal Care & Beauty,per-019-neutrogena-beach-defense-water-sun-protection-sunscreen-lotion.jpg,https://shopee.ph/Neutrogena-Beach-Defense-Sunscreen-Lotion-SPF-70-Water-Sun-Protection-198ml-i.1373297829.29514686276,https://down-ph.img.susercontent.com/file/ph-11134207-7rasl-m1lxgd68vd1a2a
PER-020,The Ordinary Alpha Arbutin 2% + HA 2% alpha arbutin 30 mL,Personal Care & Beauty,per-020-the-ordinary-alpha-arbutin-2-ha.jpg,"https://www.farmasiet.no/catalog/ansiktspleie/pigmentflekker/the-ordinary-alpha-arbutin-2--ha,5009817","https://www.farmasiet.no/images/the-ordinary-alpha-arbutin-2--ha,16634_1152230.jpg"
WOM-001,Maver Lady Femm Thermal Menstrual Patch 3 patches,Women's Wellness,wom-001-maver-lady-femm-thermal-menstrual-patch.jpg,https://www.claroshop.com/producto/15301503/lady-femm-parche-termico-caja-con-3-parches-maver,https://resources.claroshop.com/medios-plazavip/s2/23552/3834328/62b0c96a91a65-206d4d12-1a29-4652-8372-037fd8339b21-1600x1600.jpg?scale=500&qlty=75
WOM-002,Farmaline Lactomat 30 capsules,Women's Wellness,wom-002-farmaline-lactomat.jpg,https://naturalem.com.gt/tienda/salud/vitaminas-y-suplementos/lactomat-farmaline-30-caps/,https://naturalem.com.gt/wp-content/uploads/LACTOMAT-1-FORMATO-WEB.jpg
WOM-003,Nature's Bounty Biotin 5000 mcg 100 softgels,Women's Wellness,wom-003-nature-s-bounty-biotin.jpg,https://johnstoneidapharmacy.ca/products/natures-bounty-biotin-softgels,https://johnstoneidapharmacy.ca/cdn/shop/products/999999-29537296342_1_8496098e-0f9e-400e-919e-40e5293c3863.jpg?v=1621309699
WOM-004,Vitabiotics Pregnacare Liquid 18 vitamins and minerals 200 mL,Women's Wellness,wom-004-vitabiotics-pregnacare-liquid.jpg,https://britishessentials.com/products/vitabiotics-pregnacare-vitamins-minerals-liquid-200ml,https://britishessentials.com/cdn/shop/files/June122330_x700.jpg?v=1686548653
WOM-005,Nature's Truth Postnatal Fenugreek 2000 mg 100 capsules,Women's Wellness,wom-005-nature-s-truth-postnatal-fenugreek.jpg,https://www.shoppingchina.com.py/producto/vitamina-nature-s-truth-postnatal-fenugreek-2000mg-100-capsulas-749182,https://www.shoppingchina.com.py/rails/active_storage/blobs/redirect/eyJfcmFpbHMiOnsibWVzc2FnZSI6IkJBaHBBMTMvRGc9PSIsImV4cCI6bnVsbCwicHVyIjoiYmxvYl9pZCJ9fQ==--d5178cc42e9a411f87d91902afe5c2feb1c42072/749182.jpg
WOM-006,Nature's Truth Cleansing Cranberry Gummies 60 gummies,Women's Wellness,wom-006-nature-s-truth-cleansing-cranberry-gummies.jpg,https://maxhubpharm.com/product/natures-truth-cleansing-cranberry-gummies-by-60-gummies/,https://maxhubpharm.com/wp-content/uploads/2024/06/1000095738.jpg
WOM-007,Nature's Truth Urinary Tract Health Cranberry Complex with D-Mannose & Probiotics 60 capsules,Women's Wellness,wom-007-nature-s-truth-urinary-tract-health-cranberry-complex-with-d-mannose-and-probiotics.jpg,https://www.walmart.com/ip/Cranberry-Complex-60-Capsules-Plus-D-Mannose-Probiotics-by-Nature-s-Truth/17301353740,https://i5.walmartimages.com/seo/Cranberry-Complex-60-Capsules-Plus-D-Mannose-Probiotics-by-Nature-s-Truth_b97552c9-06da-4854-b37a-9aeccca44439.d7a9760e58a1b513cd1a93977a068ac2.jpeg
WOM-008,Nature's Truth Triple Strength Cranberry Concentrate plus Vitamin C 30000 mg 90 capsules,Women's Wellness,wom-008-nature-s-truth-triple-strength-cranberry-concentrate-plus-vitamin-c.jpg,https://www.instacart.com/products/3393427-nature-s-truth-natures-truth-cranberry-concentrate-plus-vitamin-c-triple-strength-90-ct,https://www.instacart.com/image-server/1200x1200/www.instacart.com/assets/domains/product-image/file/large_311364b3-bae1-4ad5-b9e4-18425f85fd52.png
WOM-009,Vitabiotics Menopace Original 22 nutrients 30 tablets,Women's Wellness,wom-009-vitabiotics-menopace-original.jpg,https://www.amazon.com/-/es/100701761-Menopace-Vitabiotics-30-Tabletas/dp/B000KU94ZW,https://m.media-amazon.com/images/I/71i47cpySFL.jpg
WOM-010,Sundance Cold Pressed Evening Primrose Oil 1000 mg 50 softgels,Women's Wellness,wom-010-sundance-cold-pressed-evening-primrose-oil.jpg,https://www.walmart.com/ip/Sundance-Vitamins-Evening-Primrose-Oil-1000-mg-50-ea/483955871,https://i5.walmartimages.com/seo/Sundance-Vitamins-Evening-Primrose-Oil-1000-mg-50-ea_8f9e511f-5a27-4322-9a13-0d8fd63834a8.2f732634cdffa23f1379c90b0939f009.jpeg
WOM-011,Nature's Truth Collagen Peptides Gummies Type 1 + 3 60 gummies,Women's Wellness,wom-011-nature-s-truth-collagen-peptides-gummies-type-1-3.jpg,https://www.instacart.com/products/21192704-nature-made-beauty-collagen-type-1-3-gummies-natural-strawberry-flavor-60-ea,https://www.instacart.com/image-server/1200x1200/www.instacart.com/assets/domains/product-image/file/large_5a3e01ba-1688-4689-b81d-e590ab78f15c.jpg
WOM-012,Vitabiotics Wellteen Her 25 nutrients 30 tablets,Women's Wellness,wom-012-vitabiotics-wellteen-her.jpg,https://www.myeasypharmacy.ae/products/vitabiotics-wellteen-her-multivitamin-supplement-tablets-for-teenage-girls-pack-of-30-s,https://www.myeasypharmacy.ae/cdn/shop/files/1023473_1new.jpg?v=1777041651&width=900
WOM-013,Vitabiotics Wellwoman Original 24 nutrients 30 capsules,Women's Wellness,wom-013-vitabiotics-wellwoman-original.jpg,https://picclick.co.uk/Wellwoman-Original-Vitabiotics-24-Nutrients-30-Capsules-Free-Delivery-355348531000.html,https://www.picclickimg.com/fG0AAOSwAsRlxh2I/Wellwoman-Original-Vitabiotics-24-Nutrients-30-Capsules-Free-Delivery.webp
WOM-014,Swanson Full Spectrum Chasteberry Fruit 400 mg 120 capsules,Women's Wellness,wom-014-swanson-full-spectrum-chasteberry-fruit.jpg,https://www.marianos.com/p/swanson-full-spectrum-chasteberry-fruit-400-mg-120-capsules/0008761411065,https://www.kroger.com/product/images/large/front/0008761411065
WOM-015,Seven Seas Perfect7 Woman Plus 30 day supply,Women's Wellness,wom-015-seven-seas-perfect7-woman-plus.jpg,https://www.gosupps.com/seven-seas-perfect7-woman-plus-multivitamin-with-omega-3-and-vitamin-d-for-whole-body-health-30-tablets-30-capsules-1-month-supply.html,https://www.gosupps.com/media/catalog/product/7/1/71MnCJOLioL.jpg
WOM-016,Solaray PhytoEstrogen with Wild Yam Black Cohosh & Dong Quai 60 vegcaps,Women's Wellness,wom-016-solaray-phytoestrogen-with-wild-yam-black-cohosh-and-dong-quai.jpg,https://www.iherb.com/pr/solaray-phytoestrogen-efas-with-wild-yam-black-cohosh-dong-quai-60-softgels/124974,https://s3.images-iherb.com/sor/sor37592/l/8.jpg
WOM-017,Puritan's Pride Hair Skin & Nails Gummies 2500 mcg biotin 80 gummies,Women's Wellness,wom-017-puritan-s-pride-hair-skin-and-nails-gummies.jpg,https://makeup.jp/en/product/831248/,https://i.makeup.jp/c/ca/caz2oxyefw0e.jpg
WOM-018,Nature's Bounty Hair Skin & Nails Gummies with Collagen & Biotin 100 mg collagen 80 gummies,Women's Wellness,wom-018-nature-s-bounty-hair-skin-and-nails-gummies-with-collagen-and-biotin.jpg,https://vitaminshouse.com/products/natures-bounty-hair-skin-nails-with-biotin-collagen-80-gummies/,https://vitaminshouse.com/cdn/shop/files/Nature_s_Bounty_Hair_Skin_Nails_with_biotin_Collagen_80_Gummies_-_Vitamins_House-561404.jpg?v=1745188690
WOM-019,MomMed Ovulation Test and Pregnancy Test Kit 5 pregnancy + 15 ovulation tests 20 tests,Women's Wellness,wom-019-mommed-ovulation-test-and-pregnancy-test-kit.jpg,https://britishvita.co.uk/products/mommed-ovulation-pregnancy-test-strips-lh50-hcg20-50-20-tests-kit,https://britishvita.co.uk/cdn/shop/files/mommed-ovulation-test-strips-kit-01_jpg.jpg?v=1763954687
WOM-020,Nutricost Women Myo & D-Chiro Inositol 2000 mg / 50 mg 120 capsules / 30 servings,Women's Wellness,wom-020-nutricost-women-myo-and-d-chiro-inositol.jpg,https://vitashop.co.nz/shop/nutricost-myo-inositol-d-chiro-inositol-supplement-for-women-2000mg-120-capsules-30-servings-15187,https://vitashop.co.nz/web/image/product.template/15187/image_1024?unique=cfaa862
MED-001,CareUs Contact Lens Cases 5 pack,Medical Devices & Daily Living,med-001-careus-contact-lens-cases.jpg,https://thisandtheother.com/products/careus-contact-lens-cases-5-count,http://thisandtheother.com/cdn/shop/files/WhatsApp_Image_2026-04-15_at_13.06.19.png?v=1776418325
MED-002,TRUEdraw Lancing Device adjustable depth 1 device,Medical Devices & Daily Living,med-002-truedraw-lancing-device.jpg,https://medicinalsupplies.com/products/trim2h0181,https://medicinalsupplies.com/cdn/shop/files/TRIM2H0181.jpg?v=1708012339
MED-003,Philips Avent Ultra Absorbent Disposable Breast Pads 100 pads,Medical Devices & Daily Living,med-003-philips-avent-ultra-absorbent-disposable-breast-pads.jpg,https://picclick.co.uk/PHILIPS-AVENT-Disposable-Breast-Pads-100-pcs-Ultra-134152266374.html,https://www.picclickimg.com/CoQAAOSwJaNi6nLN/PHILIPS-AVENT-Disposable-Breast-Pads-100-pcs-Ultra.webp
MED-004,Sensilab Medical Digital Clinical Thermometer 1 thermometer,Medical Devices & Daily Living,med-004-sensilab-medical-digital-clinical-thermometer.jpg,https://www.elcarretillero.com/curacion-enfermeria-otros/termometro-clinico-digital-sensimedical-precision-y-confianza-para-el-cuidado-de-tu-salud-,https://www.elcarretillero.com/2755-product_main_2x/termometro-clinico-digital-sensimedical-precision-y-confianza-para-el-cuidado-de-tu-salud-.jpg
MED-005,Protek Elasticated Knee Support Size M 1 support,Medical Devices & Daily Living,med-005-protek-elasticated-knee-support.jpg,https://kennedyspharmacy.com/products/protek-elasticated-knee-support-m,https://kennedyspharmacy.com/cdn/shop/products/PT_elas_knee_pack_shot_V2_1f4cd69e-84ae-4ca3-9784-da7e6a26f70e_1800x1800.jpg?v=1645736647
MED-006,Protek Health+ Pill Cutter with Storage Compartment 1 cutter,Medical Devices & Daily Living,med-006-protek-health-pill-cutter-with-storage-compartment.jpg,https://www.facebook.com/share/1CX8FpW1Ug/,
MED-007,Parent's Choice Breast Milk Storage Bags 6 oz 100 bags,Medical Devices & Daily Living,med-007-parent-s-choice-breast-milk-storage-bags.jpg,https://parentschoice.520hyy.com/parents-choice-breast-milk-storage-bags/,https://parentschoice.520hyy.com/wp-content/uploads/sites/13/2025/05/Parents-Choice-Breast-Milk-Storage-Bags1.webp
MED-008,Quality Choice Comfort Plus Insoles one size fits most 1 pair,Medical Devices & Daily Living,med-008-quality-choice-comfort-plus-insoles.jpg,https://rxproinc.com/product/comfort-plus-insoles-womens/,https://rxproinc.com/wp-content/uploads/2021/10/QC95366.jpg
MED-009,Nuby Snack Keeper Container 9 oz 1 container,Medical Devices & Daily Living,med-009-nuby-snack-keeper-container.jpg,https://us.nuby.com/products/no-spill-snack-keeper,https://us.nuby.com/cdn/shop/files/5409RGB_aqua_20230330_1570_copy_4-17-2023_11-23-23_AM_680_7f1b5ec7-0844-4805-a0a1-4f4951419ff4.jpg?v=1694100263
MED-010,Easy-Touch HealthPro Glucose Test Strips 50 strips,Medical Devices & Daily Living,med-010-easy-touch-healthpro-glucose-test-strips.jpg,https://medcarellc.com/product/easy-touch-healthpro-glucose-test-strips-50-ea/,https://medcarellc.com/wp-content/uploads/2019/01/1561559.jpg
MED-011,Easy-Touch HealthPro Glucose Monitoring System 1 kit,Medical Devices & Daily Living,med-011-easy-touch-healthpro-glucose-monitoring-system.jpg,https://www.amazon.com/HealthPro-Glucose-Monitoring-Lancing-Lancets/dp/B07CX888FM,"https://m.media-amazon.com/images/S/aplus-media-library-service-media/26e45309-b62b-41f6-84bc-4b39224a376a.__CR0,0,970,600_PT0_SX970_V1___.png"
MED-012,Protek Elasticated Wrist Support Size S 1 support,Medical Devices & Daily Living,med-012-protek-elasticated-wrist-support.jpg,https://www.firstpersonmedical.com/protek-elasticated-wrist-support.html,https://www.firstpersonmedical.com/media/catalog/product/cache/b3603bc6a6c69ca4084bfe29bc5d883f/e/l/elasticated_wrist_support.jpg
MED-013,Fitzroy Elasticated Ankle Support 1 support,Medical Devices & Daily Living,med-013-fitzroy-elasticated-ankle-support.jpg,https://jollys.dm/product/fitzroy-elasticated-ankle-support-sm/,https://jollys.dm/wp-content/uploads/2023/06/JP31981.jpg
MED-014,Vive Elbow Brace Black one size 1 brace,Medical Devices & Daily Living,med-014-vive-elbow-brace-black.jpg,https://www.gosupps.com/vive-elbow-brace-tennis-compression-sleeve-wrap-for-golfers-bursitis-left-or-right-arm-tendonitis-support-strap-for-golf-men-and-women-epicondylitis-and-sports-recovery-black-standard.html,https://www.gosupps.com/media/catalog/product/cache/25/image/1500x/040ec09b1e35df139433887a97daa66f/7/1/71-2fUunRCL._AC_SL1500_.jpg
MED-015,Soretech Hinged Knee Brace adjustable 1 brace,Medical Devices & Daily Living,med-015-soretech-hinged-knee-brace.jpg,https://www.walmart.com/ip/Hinged-ROM-Knee-Brace-Unloader-Knee-Brace-Knee-Immobilizer-Brace-ACL-MCL-and-PCL-Injury-Adjustable-Orthopedic-Support-Stabilizer-After-Surgery/7663919845,https://i5.walmartimages.com/seo/Hinged-ROM-Knee-Brace-Unloader-Knee-Brace-Knee-Immobilizer-Brace-ACL-MCL-and-PCL-Injury-Adjustable-Orthopedic-Support-Stabilizer-After-Surgery_d7604169-01a9-4316-a044-37a5bdb89046.f59de059e6f1df6c6bb295bfd85c8f17.jpeg
MED-016,Vive Shoulder Brace Black one size 1 brace,Medical Devices & Daily Living,med-016-vive-shoulder-brace-black.jpg,https://www.gosupps.com/vive-shoulder-stability-brace-injury-recovery-compression-support-sleeve-for-rotator-cuff-injuries-arthritis-sprain-dislocation-pt-targeted-inflammation-pain-relief-black-medium.html,https://www.gosupps.com/media/catalog/product/7/1/714kcJGnkjL.jpg
MED-017,Vive Thumb Brace Black standard 1 brace,Medical Devices & Daily Living,med-017-vive-thumb-brace-black.jpg,https://www.gosupps.com/vive-thumb-wrist-brace-for-right-or-left-hand-spica-splint-brace-for-carpal-tunnel-tendonitis-arthritis-in-hands-or-fingers-compression-support-for-women-men-stabilizer-relief-for-bowling-black-standard.html,https://www.gosupps.com/media/catalog/product/cache/25/image/1500x/040ec09b1e35df139433887a97daa66f/6/1/61fGthVU_QL._SL1500_.jpg
MED-018,Thera+ Pain Relief Ice Pack 5 x 8 in 2 pack,Medical Devices & Daily Living,med-018-thera-pain-relief-ice-pack.jpg,https://www.dollartree.com/theraplus-reusable-pain-relief-ice-pack-1-ct/333704,https://www.dollartree.com/ccstore/v1/images/?source=/file/v2445255995007120998/products/333704.jpg&height=940&width=940
MED-019,Lila & Jack 4-Piece Silicone Meal Set 4 pieces,Medical Devices & Daily Living,med-019-lila-and-jack-4-piece-silicone-meal-set.jpg,https://distinct.pk/products/lila-jack-4-pc-silicone-meal-set,https://distinct.pk/cdn/shop/files/m_wp_639597428bb2e2034f6f0ce5_1.webp?v=1708509495&width=416
MED-020,Nuby The Nibbler Mesh Feeder Double Pack 10+ months 2 pack,Medical Devices & Daily Living,med-020-nuby-the-nibbler-mesh-feeder-double-pack.jpg,https://snapklik.com/en-ca/product/nuby-nibbler-mesh-first-soft-foods-feeder-2pk-blue-and-green/0IYM4PP7ZUJJ5,https://m.media-amazon.com/images/I/71ZF8e++xmL.jpg
